,BLOCK_ID,BLOCK_NAME,Group number,YEAR,number of samples,Distance from 187x shoreline,Distance from the year on the 187x-side of change vector,YEAR on the 187x-side of change vector,Era number,reference shoreline?,Average Easting,Average Northing,Change Rates (m/yr),IntervalStart,IntervalEnd,Change Vector,ChgRate (m/yr)
0,NaN_FSSP,Fort Stevens State Park,124.0,1868.0,5.0,0,,,5,1,231932.62,103074.08,,,,,
1,NaN_FSSP,Fort Stevens State Park,124.0,1926.0,5.0,4363,4362.984,1868.0,8,0,228752.96,106056.18,75.2,,,,
2,NaN_FSSP,Fort Stevens State Park,123.7,1955.0,20.0,4441,77.8695,1926.0,9,0,228937.255,106088.84,2.7,1868.0,1926.0,4363.0,75.2
3,NaN_FSSP,Fort Stevens State Park,123.7,1962.6,20.0,4510,68.7975,1955.75,10,0,228900.745,106174.105,9.1,1926.0,1955.0,78.0,2.7
4,NaN_FSSP,Fort Stevens State Park,123.64,1973.9,22.0,4714,203.9577273,1962.58,11,0,228933.2091,106376.2636,18.1,1955.0,1999.0,126.0,2.8
5,NaN_FSSP,Fort Stevens State Park,123.54,1986.7,24.0,4748,34.35958333,1973.75,12,0,228928.275,106419.5083,2.7,1868.0,1999.0,4567.0,34.7
6,NaN_FSSP,Fort Stevens State Park,123.5,1995.8,22.0,4523,-225.1590909,1986.67,13,0,229170.2773,106306.4455,-24.8,,,,
7,NaN_FSSP,Fort Stevens State Park,123.52,1999.5,21.0,4567,44.43809524,1995.75,14,0,229077.1095,106288.881,11.9,,,,
8,NaN_FSSP,Fort Stevens State Park,123.56,2005.5,16.0,4350,-217.69375,1999.4,15,0,229193.9063,106125.1688,-36.0,,,,
9,CPdN,Clatsop Spit--south of Jetty (CPdN),126.56,-2550.0,9.0,-3643,-3281.006667,1700.0,1,0,234744.5444,99947.59556,,,,,
10,CPdN,Clatsop Spit--south of Jetty (CPdN),126.63,1700.0,19.0,-362,-362.0252632,1868.0,3,0,231911.1,101500.2947,0.8,,,,
11,CPdN,Clatsop Spit--south of Jetty (CPdN),126.0,1868.0,35.0,0,,,5,1,231672.6943,102182.6686,2.2,1700.0,1868.0,362.0,2.2
12,CPdN,Clatsop Spit--south of Jetty (CPdN),126.4,1892.0,25.0,80,80.3536,1868.0,6,0,231525.648,101791.872,3.3,1868.0,1926.0,1673.0,28.9
13,CPdN,Clatsop Spit--south of Jetty (CPdN),126.0,1926.0,35.0,1673,1673.301143,1868.0,8,0,230120.9829,102529.5943,46.9,1926.0,1956.0,-174.0,-5.8
14,CPdN,Clatsop Spit--south of Jetty (CPdN),125.82,1956.2,56.0,1499,-174.4960714,1926.0,9,0,230108.2018,102940.6518,-5.8,1956.0,1999.0,-4.0,-0.1
15,CPdN,Clatsop Spit--south of Jetty (CPdN),125.87,1962.6,52.0,1512,13.28038462,1956.968462,10,0,230193.0442,102730.125,2.1,1868.0,1999.0,1495.0,11.4
16,CPdN,Clatsop Spit--south of Jetty (CPdN),125.82,1973.9,55.0,1536,23.48,1962.58,11,0,230124.9727,102830.1382,2.1,,,,
17,CPdN,Clatsop Spit--south of Jetty (CPdN),125.87,1986.6,53.0,1501,-34.96113208,1973.75,12,0,230191.9396,102763.483,-2.7,,,,
18,CPdN,Clatsop Spit--south of Jetty (CPdN),125.86,1995.5,51.0,1504,3.115686275,1986.67,13,0,230216.849,102692.8176,0.4,,,,
19,CPdN,Clatsop Spit--south of Jetty (CPdN),125.86,1999.5,51.0,1495,-8.768627451,1995.612745,14,0,230223.6255,102700.0137,-2.2,,,,
20,CPdN,Clatsop Spit--south of Jetty (CPdN),125.88,2005.5,51.0,1517,21.78568627,1999.4,15,0,230203.249,102690.6098,3.6,,,,
21,CPc5,~Warrenton (CPc5),129.65,-2550.0,17.543,-1864,-1684.19809,1700.0,1,0,234432.8577,98385.92422,,,,,
22,CPc5,~Warrenton (CPc5),129.42,1700.0,43.0,-292,-292.445814,1868.0,3,0,232702.6465,98585.12721,0.4,,,,
23,CPc5,~Warrenton (CPc5),129.43,1868.0,44.0,0,,,5,1,232416.6114,98517.08682,1.7,1700.0,1868.0,292.0,1.7
24,CPc5,~Warrenton (CPc5),129.43,1926.0,44.0,474,474.4884091,1868.0,8,0,231972.1932,98351.59523,8.2,1868.0,1926.0,474.0,8.2
25,CPc5,~Warrenton (CPc5),129.47,1957.0,43.0,557,82.43651163,1926.0,9,0,231894.5349,98325.39465,2.7,1926.0,1957.0,82.0,2.7
26,CPc5,~Warrenton (CPc5),129.47,1962.6,43.0,568,11.43046512,1957.67,10,0,231891.786,98297.56209,2.0,1957.0,1999.0,6.0,0.1
27,CPc5,~Warrenton (CPc5),129.47,1973.9,43.0,556,-12.75767442,1962.58,11,0,231903.7419,98301.92442,-1.1,1868.0,1999.0,563.0,4.3
28,CPc5,~Warrenton (CPc5),129.43,1986.4,42.0,569,13.60404762,1973.75,12,0,231880.9071,98327.43667,1.1,,,,
29,CPc5,~Warrenton (CPc5),129.5,1995.8,42.0,574,4.365714286,1986.637619,13,0,231893.2548,98274.47143,0.5,,,,
30,CPc5,~Warrenton (CPc5),129.45,1999.5,42.0,563,-10.87619048,1995.5,14,0,231888.1262,98324.83738,-2.9,,,,
31,CPc5,~Warrenton (CPc5),129.47,2005.5,43.0,593,29.99976744,1999.4,15,0,231864.8442,98299.49256,5.0,,,,
32,CPc4,~Camp Rilea (CPc4),133.56,-2550.0,48.0,-1502,-932.4858333,250.0,1,0,235079.8458,94438.75875,,,,,
33,CPc4,~Camp Rilea (CPc4),133.6,250.0,47.0,-570,-319.7055319,1700.0,2,0,234172.183,94228.90957,0.3,,,,
34,CPc4,~Camp Rilea (CPc4),133.55,1700.0,47.0,-250,-250.2674468,1872.851064,3,0,233844.1872,94222.71638,0.2,,,,
35,CPc4,~Camp Rilea (CPc4),133.59,1873.0,46.0,0,,,5,1,233603.05,94158.73717,1.4,1700.0,1873.0,250.0,1.4
36,CPc4,~Camp Rilea (CPc4),133.59,1926.0,46.0,173,173.0373913,1872.956522,8,0,233436.2065,94112.89761,3.3,1873.0,1926.0,173.0,3.3
37,CPc4,~Camp Rilea (CPc4),133.57,1953.1,46.0,381,207.9421739,1926.0,9,0,233226.4,94086.99261,7.7,1926.0,1953.0,208.0,7.7
38,CPc4,~Camp Rilea (CPc4),133.58,1962.6,45.0,396,14.99711111,1953.587111,10,0,233208.5044,94100.36889,1.6,1953.0,1999.0,83.0,1.8
39,CPc4,~Camp Rilea (CPc4),133.58,1973.9,45.0,448,51.63511111,1962.58,11,0,233158.5467,94087.37778,4.6,1873.0,1999.0,464.0,3.7
40,CPc4,~Camp Rilea (CPc4),133.54,1986.4,46.0,448,-0.049130435,1973.75,12,0,233151.2,94116.35087,0.0,,,,
41,CPc4,~Camp Rilea (CPc4),133.58,1995.8,45.0,484,36.90777778,1986.5,13,0,233122.7311,94082.74711,4.0,,,,
42,CPc4,~Camp Rilea (CPc4),133.58,1999.5,45.0,464,-20.304,1995.5,14,0,233142.1911,94088.73622,-5.4,,,,
43,CPc4,~Camp Rilea (CPc4),133.58,2005.5,45.0,493,28.38377778,1999.4,15,0,233114.6978,94081.71422,4.7,,,,
44,CPc3,CPc3,138.08,-2550.0,52.0,-1518,-1037.9325,250.0,1,0,235999.6577,89486.08654,,,,,
45,CPc3,CPc3,138.04,250.0,51.0,-480,-228.4923529,1700.0,2,0,234967.8882,89382.75373,0.4,,,,
46,CPc3,CPc3,138.0,1700.0,51.0,-252,-251.8298039,1874.0,3,0,234735.7765,89398.16196,0.2,,,,
47,CPc3,CPc3,138.0,1874.0,51.0,0,,,5,1,234482.8255,89391.2698,1.4,1700.0,1874.0,252.0,1.4
48,CPc3,CPc3,138.0,1926.0,51.0,9,8.731764706,1874.0,8,0,234474.1431,89390.32314,0.2,1874.0,1926.0,9.0,0.2
49,CPc3,CPc3,138.0,1948.0,51.0,274,264.9760784,1926.0,9,0,234210.5608,89363.2749,12.0,1926.0,1948.0,265.0,12.0
50,CPc3,CPc3,138.0,1962.6,51.0,272,-1.983137255,1948.0,10,0,234205.7765,89406.14196,-0.1,1948.0,1999.0,83.0,1.6
51,CPc3,CPc3,138.04,1973.9,52.0,331,59.15288462,1962.58,11,0,234152.7327,89353.68577,5.2,1874.0,1999.0,357.0,2.8
52,CPc3,CPc3,138.0,1986.4,51.0,327,-4.199019608,1973.75,12,0,234154.8098,89377.3149,-0.3,,,,
53,CPc3,CPc3,138.04,1995.8,52.0,385,58.12730769,1986.5,13,0,234100.0519,89340.9475,6.2,,,,
54,CPc3,CPc3,138.04,1999.5,49.0,357,-27.99081633,1995.5,14,0,234129.7286,89337.26878,-7.5,,,,
55,CPc3,CPc3,138.04,2005.5,52.0,393,36.55192308,1999.4,15,0,234093.375,89341.68808,6.1,,,,
56,CPc2,~Delray (CPc2),143.0,-2550.0,48.0,-1604,-1090.243542,250.0,1,0,236402.6458,84437.58146,,,,,
57,CPc2,~Delray (CPc2),142.96,250.0,47.0,-514,-352.5002128,1700.0,2,0,235312.5383,84480.84681,0.4,,,,
58,CPc2,~Delray (CPc2),142.96,1700.0,47.0,-161,-161.1312766,1874.0,3,0,234960.4085,84498.63383,0.2,,,,
59,CPc2,~Delray (CPc2),143.04,1874.0,47.0,0,,,5,1,234798.5894,84423.98383,0.9,1700.0,1874.0,161.0,0.9
60,CPc2,~Delray (CPc2),143.04,1926.0,47.0,-15,,1874.0,8,0,234814.0723,84423.55702,-0.3,1874.0,1926.0,-15.0,-0.3
61,CPc2,~Delray (CPc2),143.47,1962.6,32.0,210,225.396875,1926.0,10,0,234588.0688,84030.79313,6.2,1926.0,1962.0,225.0,6.2
62,CPc2,~Delray (CPc2),143.11,1973.9,47.0,225,14.88489362,1962.58,11,0,234569.8128,84358.68894,1.3,1962.0,1999.0,59.0,1.6
63,CPc2,~Delray (CPc2),143.0,1986.4,48.0,238,13.44395833,1973.75,12,0,234554.5542,84451.78854,1.1,1874.0,1999.0,269.0,2.1
64,CPc2,~Delray (CPc2),143.04,1995.8,47.0,298,59.60574468,1986.5,13,0,234496.5383,84417.88362,6.4,,,,
65,CPc2,~Delray (CPc2),142.98,1999.5,47.0,269,-28.67531915,1995.5,14,0,234522.7043,84489.99979,-7.6,,,,
66,CPc2,~Delray (CPc2),143.04,2005.5,47.0,305,36.09042553,1999.4,15,0,234490.4553,84415.89234,6.0,,,,
67,CPc1,~Seaside (CPc1),147.94,1874.0,36.0,0,,,5,1,234326.1417,79181.1425,,,,,
68,CPc1,~Seaside (CPc1),147.94,1926.0,36.0,-17,-17.32944444,1874.0,8,0,234343.1528,79178.24778,-0.3,,,,
69,CPc1,~Seaside (CPc1),147.96,1962.6,26.0,138,155.1211538,1926.0,10,0,234206.4808,79243.84423,4.2,1874.0,1926.0,-17.0,-0.3
70,CPc1,~Seaside (CPc1),147.77,1973.9,39.0,154,16.04794872,1962.58,11,0,234226.6205,79431.99256,1.4,1926.0,1962.6,155.0,4.2
71,CPc1,~Seaside (CPc1),147.5,1986.4,48.0,113,-40.46583333,1973.75,12,0,234330.5833,79723.28271,-3.2,1962.0,1999.0,33.0,0.9
72,CPc1,~Seaside (CPc1),147.54,1995.8,48.0,188,74.51333333,1986.5,13,0,234235.5771,79652.66979,8.0,1874.0,1999.0,170.0,1.4
73,CPc1,~Seaside (CPc1),147.45,1999.5,49.0,170,-17.49918367,1995.5,14,0,234284.4061,79755.57347,-4.7,,,,
74,CPc1,~Seaside (CPc1),147.6,2005.5,43.0,199,28.77,1999.4,15,0,234205.9163,79611.69209,4.8,,,,
75,NaN_HMB,Half Moon Bay,48.0,650.0,2.0,-2194,-312.86,1700.0,2,0,225011.55,179373.85,,,,,
76,NaN_HMB,Half Moon Bay,48.0,1700.0,10.0,-1881,-1881.107,1886.0,3,0,224760.57,179577.55,0.3,,,,
77,NaN_HMB,Half Moon Bay,48.0,1860.0,12.0,-1154,-1153.661667,1886.0,4,0,224764.5583,180458.725,4.5,1700.0,1886.0,1881.0,10.1
78,NaN_HMB,Half Moon Bay,48.0,1886.0,17.0,0,,,5,1,224144.5824,181315.9059,44.4,1886.0,1926.0,292.0,7.3
79,NaN_HMB,Half Moon Bay,48.0,1898.0,15.0,-51,-51.134,1886.0,6,0,224139.82,181294.9333,-4.3,1926.0,1951.0,-215.0,-8.6
80,NaN_HMB,Half Moon Bay,48.0,1909.0,12.0,50,101.17,1898.0,7,0,224200.8833,181434.9333,9.2,1951.0,1999.0,-20.0,-0.4
81,NaN_HMB,Half Moon Bay,48.0,1926.0,17.0,292,291.8976471,1886.0,8,0,224152.6588,181585.1,14.2,1886.0,1999.0,58.0,0.5
82,NaN_HMB,Half Moon Bay,48.0,1951.0,22.0,77,-214.6827273,1926.0,9,0,224275.1045,181420.2455,-8.6,,,,
83,NaN_HMB,Half Moon Bay,48.0,1967.3,17.0,6,-71.57647059,1951.5,10,0,224076.1824,181167.5529,-4.4,,,,
84,NaN_HMB,Half Moon Bay,48.0,1974.5,23.0,2,-3.429130435,1967.33,11,0,224027.8783,181114.4609,-0.5,,,,
85,NaN_HMB,Half Moon Bay,48.0,1987.4,19.0,5,2.564210526,1974.45,12,0,224024.4842,181132.3211,0.2,,,,
86,NaN_HMB,Half Moon Bay,48.0,1995.7,17.0,30,25.65117647,1987.5,13,0,224080.3235,181162.2765,3.1,,,,
87,NaN_HMB,Half Moon Bay,48.0,1999.5,17.0,58,27.13529412,1995.67,14,0,224081.4118,181177.1471,7.1,,,,
88,NaN_HMB,Half Moon Bay,48.0,2006.5,15.0,48,-9.096,1999.4,15,0,223920.76,180998.6467,-1.3,,,,
89,GLdn,Westport Jetty (GLdn),49.67,650.0,3.0,-1755,-454.9333333,1700.0,2,0,224963.3333,179173.9333,,,,,
90,GLdn,Westport Jetty (GLdn),49.7,1700.0,10.0,-1300,-1299.983,1886.0,3,0,224544.54,179353.59,0.4,,,,
91,GLdn,Westport Jetty (GLdn),49.53,1860.0,15.0,-919,-918.6486667,1886.0,4,0,224479.8667,179662.14,2.4,1700.0,1886.0,1300.0,7.0
92,GLdn,Westport Jetty (GLdn),49.44,1886.0,18.0,0,,,5,1,223619.9778,180131.1889,35.3,1886.0,1926.0,255.0,6.4
93,GLdn,Westport Jetty (GLdn),49.44,1898.0,16.0,-85,-85.31,1886.0,6,0,223707.075,180055.2438,-7.1,1926.0,1951.0,90.0,3.6
94,GLdn,Westport Jetty (GLdn),49.47,1909.0,17.0,547,632.6911765,1898.0,7,0,223093.3,180132.8824,57.5,1951.0,1999.0,-164.0,-3.4
95,GLdn,Westport Jetty (GLdn),49.44,1926.0,18.0,255,254.5566667,1886.0,8,0,223372.3,180113.3611,-17.2,1886.0,1999.0,180.0,1.6
96,GLdn,Westport Jetty (GLdn),49.43,1951.0,21.0,344,89.7547619,1926.0,9,0,223283.3952,180178.8286,3.6,,,,
97,GLdn,Westport Jetty (GLdn),49.4,1967.3,20.0,301,-42.836,1951.5,10,0,223290.84,180212.14,-2.6,,,,
98,GLdn,Westport Jetty (GLdn),49.43,1974.5,21.0,279,-22.19809524,1967.33,11,0,223320.8762,180199.5333,-3.1,,,,
99,GLdn,Westport Jetty (GLdn),49.42,1987.4,19.0,266,-13.11210526,1974.45,12,0,223336.9158,180191.6737,-1.0,,,,
100,GLdn,Westport Jetty (GLdn),49.42,1995.7,19.0,159,-107.4784211,1987.5,13,0,223451.4632,180173.6053,-13.0,,,,
101,GLdn,Westport Jetty (GLdn),49.4,1999.5,20.0,180,21.712,1995.67,14,0,223427.815,180181.31,5.7,,,,
102,GLdn,Westport Jetty (GLdn),49.44,2006.5,18.0,180,-0.070555556,1999.4,15,0,223441.1278,180107.4444,0.0,,,,
103,GLc6,Twin Harbors State Park (GLc6),53.65,-850.0,31.0,-1031,-470.4667742,650.0,1,0,225471.5806,176657.9968,,,,,
104,GLc6,Twin Harbors State Park (GLc6),53.07,650.0,42.0,-561,-281.4966667,1700.0,2,0,224966.5429,177099.0214,0.3,,,,
105,GLc6,Twin Harbors State Park (GLc6),53.05,1700.0,44.0,-279,-279.385,1886.0,3,0,224678.5773,177158.8432,0.3,,,,
106,GLc6,Twin Harbors State Park (GLc6),53.02,1886.0,43.0,0,,,5,1,224379.814,177204.8,1.5,1700.0,1886.0,279.0,1.5
107,GLc6,Twin Harbors State Park (GLc6),53.02,1926.0,43.0,303,302.8053488,1886.0,8,0,224085.6581,177133.3047,7.6,1886.0,1926.0,303.0,7.6
108,GLc6,Twin Harbors State Park (GLc6),53.02,1951.0,43.0,223,-79.51069767,1926.0,9,0,224170.5581,177119.7465,-3.2,1926.0,1951.0,-80.0,-3.2
109,GLc6,Twin Harbors State Park (GLc6),53.02,1967.3,44.0,250,26.90795455,1951.5,10,0,224139.5932,177128.2341,1.6,1951.0,1999.0,100.0,2.1
110,GLc6,Twin Harbors State Park (GLc6),53.07,1974.5,45.0,258,7.609333333,1967.33,11,0,224142.8289,177081.8956,1.1,1886.0,1999.0,323.0,2.8
111,GLc6,Twin Harbors State Park (GLc6),52.98,1987.4,44.0,285,26.99295455,1974.45,12,0,224101.2455,177139.0364,2.1,,,,
112,GLc6,Twin Harbors State Park (GLc6),53.02,1995.7,43.0,337,52.44348837,1987.5,13,0,224049.1209,177132.4209,6.4,,,,
113,GLc6,Twin Harbors State Park (GLc6),53.02,1999.5,43.0,323,-14.19906977,1995.67,14,0,224067.2163,177115.1047,-3.7,,,,
114,GLc6,Twin Harbors State Park (GLc6),53.02,2006.5,43.0,317,-5.953023256,1999.4,15,0,224072.8791,177116.6814,-0.9,,,,
115,GLc5,Grayland (GLc5),58.0,-850.0,53.0,-976,-498.0283019,650.0,1,0,226264.6698,172514.0434,,,,,
116,GLc5,Grayland (GLc5),58.02,650.0,53.0,-478,-286.4028302,1700.0,2,0,225773.7491,172434.8189,0.3,,,,
117,GLc5,Grayland (GLc5),58.02,1700.0,48.0,-192,-191.6077083,1886.0,3,0,225481.3146,172450.8188,0.3,,,,
118,GLc5,Grayland (GLc5),57.92,1886.0,52.0,0,,,5,1,225281.1673,172529.0846,1.0,1700.0,1886.0,192.0,1.0
119,GLc5,Grayland (GLc5),57.92,1926.0,52.0,329,329.2576923,1886.0,8,0,224955.2808,172483.6596,8.2,1886.0,1926.0,329.0,8.2
120,GLc5,Grayland (GLc5),57.94,1951.0,52.0,323,-6.049423077,1926.0,9,0,224963.5808,172469.475,-0.2,1926.0,1951.0,-6.0,-0.2
121,GLc5,Grayland (GLc5),57.98,1967.3,51.0,280,-43.0127451,1951.5,10,0,225011.6843,172433.3373,-2.6,1951.0,1999.0,-8.0,-0.2
122,GLc5,Grayland (GLc5),57.94,1974.5,50.0,281,0.7306,1967.33,11,0,225005.232,172479.54,0.1,1886.0,1999.0,315.0,2.8
123,GLc5,Grayland (GLc5),58.0,1987.4,52.0,289,8.514230769,1974.45,12,0,225002.1577,172430.4692,0.7,,,,
124,GLc5,Grayland (GLc5),57.94,1995.7,52.0,356,66.87096154,1987.5,13,0,224929.0154,172472.4769,8.1,,,,
125,GLc5,Grayland (GLc5),57.94,1999.5,52.0,315,-41.4025,1995.67,14,0,224972.6115,172457.1635,-10.8,,,,
126,GLc5,Grayland (GLc5),57.94,2006.5,52.0,367,52.22365385,1999.4,15,0,224920.8865,172451.0231,7.5,,,,
127,GLc4,Grayland Beach State Park (GLc4),62.98,-850.0,48.0,-1497,-877.59375,650.0,1,0,227247.9458,167492.0104,,,,,
128,GLc4,Grayland Beach State Park (GLc4),62.98,650.0,48.0,-619,-233.16875,1700.0,2,0,226375.3917,167417.9854,0.6,,,,
129,GLc4,Grayland Beach State Park (GLc4),62.94,1700.0,48.0,-386,-386.2691667,1886.0,3,0,226138.0125,167460.3021,0.2,,,,
130,GLc4,Grayland Beach State Park (GLc4),62.9,1886.0,49.0,0,,,5,1,225749.1796,167489.198,2.1,1700.0,1886.0,386.0,2.1
131,GLc4,Grayland Beach State Park (GLc4),62.9,1926.0,49.0,312,311.8497959,1886.0,8,0,225437.7796,167474.3735,7.8,1886.0,1926.0,312.0,7.8
132,GLc4,Grayland Beach State Park (GLc4),62.94,1951.0,51.0,339,27.60941176,1926.0,9,0,225410.7549,167458.2824,1.1,1926.0,1951.0,28.0,1.1
133,GLc4,Grayland Beach State Park (GLc4),62.93,1966.1,46.0,369,29.77913043,1951.5,10,0,225382.4348,167418.8565,2.0,1951.0,1999.0,91.0,1.9
134,GLc4,Grayland Beach State Park (GLc4),62.92,1974.5,49.0,369,-0.702244898,1966.134898,11,0,225382.5102,167476.4837,-0.1,1886.0,1999.0,430.0,3.8
135,GLc4,Grayland Beach State Park (GLc4),62.98,1987.4,49.0,347,-21.35428571,1974.45,12,0,225404.4122,167402.6673,-1.7,,,,
136,GLc4,Grayland Beach State Park (GLc4),62.94,1995.7,49.0,458,110.6606122,1987.5,13,0,225293.1633,167448.2612,13.4,,,,
137,GLc4,Grayland Beach State Park (GLc4),62.98,1999.5,49.0,430,-27.47428571,1995.67,14,0,225320.8388,167426.2673,-7.2,,,,
138,GLc4,Grayland Beach State Park (GLc4),62.98,2006.5,49.0,624,193.6626531,1999.4,15,0,225127.8837,167435.9531,27.7,,,,
139,GLc3,Cape Shoalwater (GLc3),66.92,-850.0,25.0,-1972,-1159.296,650.0,1,0,227752.796,163877.484,,,,,
140,GLc3,Cape Shoalwater (GLc3),66.92,650.0,25.0,-812,-338.698,1700.0,2,0,226596.28,163776.036,0.8,,,,
141,GLc3,Cape Shoalwater (GLc3),67.0,1700.0,29.0,-474,-473.5810345,1880.827586,3,0,226266.5862,163608.0276,0.3,,,,
142,GLc3,Cape Shoalwater (GLc3),67.03,1880.2,31.0,0,,,5,1,225783.1387,163483.3871,2.6,1700.0,1880.0,474.0,2.6
143,GLc3,Cape Shoalwater (GLc3),67.03,1926.0,31.0,285,284.7196774,1880.193548,8,0,225498.5968,163488.5742,6.2,1880.0,1926.0,285.0,6.2
144,GLc3,Cape Shoalwater (GLc3),67.03,1950.4,31.0,436,151.7212903,1926.0,9,0,225345.6258,163419.9129,6.2,1926.0,1950.0,152.0,6.2
145,GLc3,Cape Shoalwater (GLc3),67.0,1963.7,33.0,567,130.9045455,1950.893939,10,0,225213.3939,163392.0909,9.9,1950.0,1999.0,35.0,0.7
146,GLc3,Cape Shoalwater (GLc3),66.97,1974.5,32.0,448,-119.3809375,1963.67,11,0,225317.6219,163460.7719,-11.0,1880.0,1999.0,472.0,4.0
147,GLc3,Cape Shoalwater (GLc3),67.03,1987.4,32.0,517,69.49625,1974.45,12,0,225267.1063,163377.2188,5.4,,,,
148,GLc3,Cape Shoalwater (GLc3),66.94,1995.7,31.0,427,-90.47645161,1987.5,13,0,225321.5161,163533.6548,-11.0,,,,
149,GLc3,Cape Shoalwater (GLc3),66.97,1999.5,31.0,472,44.55096774,1995.67,14,0,225296.7129,163532.3,11.6,,,,
150,GLc3,Cape Shoalwater (GLc3),66.97,2006.5,31.0,531,59.4116129,1999.4,15,0,225245.729,163509.1581,8.5,,,,
151,NaN_NC,North Cove/Washaway Beach,69.85,1871.0,53.0,0,,,5,1,226158.2623,159303.6981,,,,,
152,NaN_NC,North Cove/Washaway Beach,69.86,1891.0,50.0,-251,-250.8348,1871.0,6,0,226349.982,159514.972,-12.5,,,,
153,NaN_NC,North Cove/Washaway Beach,69.86,1911.0,58.0,-373,-373.3932759,1871.0,7,0,226277.7741,159636.8086,-6.1,1871.0,1926.0,-720.0,-13.1
154,NaN_NC,North Cove/Washaway Beach,69.85,1926.0,53.0,-720,-720.1237736,1871.0,8,0,226451.1075,159973.8566,-23.1,1926.0,1950.0,-824.0,-34.4
155,NaN_NC,North Cove/Washaway Beach,69.92,1950.0,36.0,-1545,-824.4766667,1926.0,9,0,226795.6778,160734.1417,-34.4,1950.0,1999.0,-1144.0,-23.1
156,NaN_NC,North Cove/Washaway Beach,69.84,1963.7,38.0,-1857,-312.5523684,1950.5,10,0,226932.6447,161002.1421,-22.9,1871.0,1999.0,-2689.0,-20.9
157,NaN_NC,North Cove/Washaway Beach,69.81,1974.5,36.0,-2261,-404.065,1963.67,11,0,227144.7722,161350.3361,-37.3,,,,
158,NaN_NC,North Cove/Washaway Beach,69.57,1987.4,28.0,-2501,-239.3953571,1974.45,12,0,227046.2857,161665.8036,-18.5,,,,
159,NaN_NC,North Cove/Washaway Beach,69.54,1995.7,28.0,-2638,-137.6385714,1987.5,13,0,227115.475,161790.0357,-16.7,,,,
160,NaN_NC,North Cove/Washaway Beach,69.88,1999.5,33.0,-2689,-50.78363636,1995.699091,14,0,227573.7091,161609.8182,-13.3,,,,
161,NaN_NC,North Cove/Washaway Beach,69.22,2006.5,18.0,-2709,-20.05555556,1999.4,15,0,226998.6333,161958.0778,-2.9,,,,
162,NaN_TLB,Grassy Island (tip of LB),77.0,1700.0,4.0,-4413,-4413.045,1871.0,3,0,228516.9,147651.875,,,,,
163,NaN_TLB,Grassy Island (tip of LB),77.0,1871.0,10.0,0,,,5,1,228228.21,152044.25,25.8,1700,1871.0,4413.0,25.8
164,NaN_TLB,Grassy Island (tip of LB),77.0,1891.0,11.0,312,312.0745455,1871.0,6,0,228181.5818,152343.2727,15.6,1871,1926.0,-22.0,-0.4
165,NaN_TLB,Grassy Island (tip of LB),77.0,1911.0,9.0,-23,-23.14888889,1871.0,7,0,228239.7667,152040.2667,-16.8,1926,1950.0,-331.0,-13.8
166,NaN_TLB,Grassy Island (tip of LB),77.0,1926.0,10.0,-22,-21.91,1871.0,8,0,228202.34,152019.2,0.1,1950,1999.0,1251.0,25.3
167,NaN_TLB,Grassy Island (tip of LB),77.0,1950.0,9.0,-353,-331.1777778,1926.0,9,0,228225.4333,151692.9,-13.8,1871,1999.0,898.0,7.0
168,NaN_TLB,Grassy Island (tip of LB),77.0,1963.7,9.0,-1049,-696.0466667,1950.5,10,0,228248.4333,150986.1444,-50.9,,,,
169,NaN_TLB,Grassy Island (tip of LB),77.0,1974.5,5.0,117,1165.766,1963.67,11,0,228054.06,152099.22,107.6,,,,
170,NaN_TLB,Grassy Island (tip of LB),77.0,1986.4,4.0,735,618.3475,1974.45,12,0,227990.6,152741.95,51.9,,,,
171,NaN_TLB,Grassy Island (tip of LB),77.0,1995.8,3.0,520,-214.5466667,1986.42,13,0,227937.8333,152579.4667,-23.0,,,,
172,NaN_TLB,Grassy Island (tip of LB),77.0,1999.5,3.0,898,377.8133333,1995.75,14,0,228017.0,153296.9667,100.8,,,,
173,NaN_TLB,Grassy Island (tip of LB),77.0,2006.5,4.0,658,-240.4775,1999.4,15,0,227816.275,153109.325,-34.5,,,,
174,LBdN,West side Willapa National Wildlife Refuge (LBdN),79.33333333,250.0,3.0,-4671,-1025.786667,1700.0,2,0,228915.1333,146775.8,,,,,
175,LBdN,West side Willapa National Wildlife Refuge (LBdN),78.75,1700.0,4.0,-3645,-3644.885,1871.0,3,0,228302.25,147637.825,0.7,,,,
176,LBdN,West side Willapa National Wildlife Refuge (LBdN),79.08695652,1871.0,23.0,0,,,5,1,227190.8696,150923.5217,21.3,1700,1871.0,3645.0,21.3
177,LBdN,West side Willapa National Wildlife Refuge (LBdN),79.125,1911.0,24.0,274,274.4741667,1871.0,7,0,226978.9958,151083.4583,6.9,1871,1926.0,121.0,2.2
178,LBdN,West side Willapa National Wildlife Refuge (LBdN),79.08695652,1926.0,23.0,121,120.7786957,1871.0,8,0,227089.4696,150984.6652,-10.2,1926,1950.0,-152.0,-6.3
179,LBdN,West side Willapa National Wildlife Refuge (LBdN),79.04761905,1950.0,21.0,-31,-151.8809524,1926.0,9,0,227210.0333,150929.3619,-6.3,1950,1999.0,693.0,14.0
180,LBdN,West side Willapa National Wildlife Refuge (LBdN),79.29411765,1963.7,17.0,-352,-321.1294118,1950.5,10,0,227289.9706,150510.1294,-23.5,1871,1999.0,662.0,5.2
181,LBdN,West side Willapa National Wildlife Refuge (LBdN),79.21052632,1974.5,19.0,225,577.3521053,1963.67,11,0,227037.0263,150992.9158,53.3,,,,
182,LBdN,West side Willapa National Wildlife Refuge (LBdN),79.06896552,1986.4,29.0,431,206.0596552,1974.45,12,0,226986.6069,151302.6276,17.3,,,,
183,LBdN,West side Willapa National Wildlife Refuge (LBdN),79.0,1995.8,34.0,574,143.2176471,1986.42,13,0,226943.9529,151506.7059,15.3,,,,
184,LBdN,West side Willapa National Wildlife Refuge (LBdN),78.8974359,1999.5,39.0,662,87.71461538,1995.75,14,0,226956.6744,151709.2692,23.4,,,,
185,LBdN,West side Willapa National Wildlife Refuge (LBdN),79.0,2006.5,37.0,850,187.8337838,1999.4,15,0,226737.6054,151669.1081,26.9,,,,
186,LBc7,North End of Leadbetter State Park (LBc7),83.77419355,250.0,31.0,-2212,-1004.307742,1700.0,2,0,228727.3484,145655.9935,,,,,
187,LBc7,North End of Leadbetter State Park (LBc7),83.43589744,1700.0,39.0,-1208,-1207.951795,1871.0,3,0,227835.7667,146182.7641,0.7,,,,
188,LBc7,North End of Leadbetter State Park (LBc7),82.82142857,1871.0,56.0,0,,,5,1,226676.4286,147089.9179,7.1,1700,1871.0,1208.0,7.1
189,LBc7,North End of Leadbetter State Park (LBc7),82.82142857,1926.0,56.0,-78,-77.62821429,1871.0,8,0,226753.9482,147090.7179,-1.4,1871,1926.0,-78.0,-1.4
190,LBc7,North End of Leadbetter State Park (LBc7),82.83928571,1950.0,56.0,-243,-164.9046429,1926.0,9,0,226920.3607,147038.4411,-6.9,1926,1950.0,-165.0,-6.9
191,LBc7,North End of Leadbetter State Park (LBc7),82.78571429,1963.7,56.0,-82,160.6873214,1950.5,10,0,226757.5714,147104.1911,11.8,1950,1999.0,171.0,3.4
192,LBc7,North End of Leadbetter State Park (LBc7),82.78571429,1974.5,56.0,-145,-62.81607143,1963.67,11,0,226820.4911,147106.375,-5.8,1871,1999.0,-72.0,-0.6
193,LBc7,North End of Leadbetter State Park (LBc7),82.80357143,1986.4,56.0,-167,-22.23607143,1974.464464,12,0,226843.7268,147066.2625,-1.9,,,,
194,LBc7,North End of Leadbetter State Park (LBc7),82.83928571,1995.8,56.0,-123,44.17821429,1986.42,13,0,226800.7429,147023.9339,4.7,,,,
195,LBc7,North End of Leadbetter State Park (LBc7),82.8,1999.5,55.0,-72,50.78909091,1995.75,14,0,226748.8291,147058.2,13.5,,,,
196,LBc7,North End of Leadbetter State Park (LBc7),82.81818182,2006.5,55.0,-19,52.83727273,1999.4,15,0,226696.0164,147057.2909,7.6,,,,
197,LBc6,Oysterville (LBc6),90.0,-2550.0,5.0,-2214,-812.85,250.0,1,0,229119.26,140286.3,,,,,
198,LBc6,Oysterville (LBc6),87.92857143,250.0,42.0,-1401,-784.1207143,1700.0,2,0,228413.9833,142125.5381,0.3,,,,
199,LBc6,Oysterville (LBc6),87.92857143,1700.0,42.0,-617,-616.917619,1871.404762,3,0,227630.7714,142167.7143,0.5,,,,
200,LBc6,Oysterville (LBc6),87.93023256,1871.4,43.0,0,,,5,1,227013.314,142152.7023,3.6,1700,1871.0,617.0,3.6
201,LBc6,Oysterville (LBc6),87.93023256,1926.0,43.0,41,40.58395349,1871.418605,8,0,226972.7419,142151.9628,0.7,1871,1926.0,41.0,0.7
202,LBc6,Oysterville (LBc6),87.92857143,1950.0,42.0,-54,-94.8647619,1926.0,9,0,227069.119,142140.7262,-4.0,1926,1950.0,-95.0,-4.0
203,LBc6,Oysterville (LBc6),87.90697674,1963.7,43.0,52,106.6851163,1950.5,10,0,226961.9419,142159.7674,7.8,1950,1999.0,151.0,3.1
204,LBc6,Oysterville (LBc6),87.90697674,1974.8,43.0,4,-48.84837209,1963.67,11,0,227010.7535,142161.5977,-4.4,1871,1999.0,97.0,0.8
205,LBc6,Oysterville (LBc6),87.92682927,1986.4,41.0,23,18.95195122,1974.72,12,0,226991.8171,142173.061,1.6,,,,
206,LBc6,Oysterville (LBc6),87.92857143,1995.8,42.0,84,61.21261905,1986.42,13,0,226934.4857,142127.3357,6.6,,,,
207,LBc6,Oysterville (LBc6),87.9,1999.5,40.0,97,13.32925,1995.75,14,0,226920.35,142179.0,3.6,,,,
208,LBc6,Oysterville (LBc6),87.90697674,2006.5,43.0,126,28.98139535,1999.4,15,0,226892.8744,142160.9674,4.2,,,,
209,LBc5,Ocean Park & Airstrip (LBc5),93.05882353,-2550.0,51.0,-1925,-924.1692157,250.0,1,0,229027.6431,137474.4275,,,,,
210,LBc5,Ocean Park & Airstrip (LBc5),93.03921569,250.0,51.0,-1001,-728.6535294,1700.0,2,0,228102.0294,137490.2745,0.3,,,,
211,LBc5,Ocean Park & Airstrip (LBc5),93.03921569,1700.0,51.0,-273,-272.6294118,1872.0,3,0,227374.0843,137506.2039,0.5,,,,
212,LBc5,Ocean Park & Airstrip (LBc5),93.04,1872.0,50.0,0,,,5,1,227101.806,137503.054,1.6,1700,1872.0,273.0,1.6
213,LBc5,Ocean Park & Airstrip (LBc5),93.04,1926.0,50.0,101,100.6074,1872.0,8,0,227001.204,137503.64,1.9,1872,1926.0,101.0,1.9
214,LBc5,Ocean Park & Airstrip (LBc5),92.95918367,1951.0,49.0,67,-33.18816327,1926.0,9,0,227034.6224,137575.0714,-1.3,1926,1951.0,-33.0,-1.3
215,LBc5,Ocean Park & Airstrip (LBc5),93.04,1963.7,50.0,103,35.2656,1951.6472,10,0,226997.928,137509.58,2.8,1951,1999.0,120.0,2.5
216,LBc5,Ocean Park & Airstrip (LBc5),93.04,1974.8,50.0,110,7.3214,1963.67,11,0,226990.626,137511.598,0.7,1872,1999.0,188.0,1.5
217,LBc5,Ocean Park & Airstrip (LBc5),93.08,1987.4,50.0,155,45.3014,1974.72,12,0,226944.776,137475.086,3.6,,,,
218,LBc5,Ocean Park & Airstrip (LBc5),93.02,1995.8,50.0,188,32.9618,1987.8456,13,0,226905.628,137531.078,3.9,,,,
219,LBc5,Ocean Park & Airstrip (LBc5),92.95833333,1999.5,48.0,188,-0.69375,1995.75,14,0,226907.9896,137595.1458,-0.2,,,,
220,LBc5,Ocean Park & Airstrip (LBc5),93.04,2006.5,50.0,225,37.5018,1999.4,15,0,226868.432,137512.586,5.4,,,,
221,LBc4,Klipsan Beach (LBc4),98.06,-2550.0,50.0,-1785,-959.521,250.0,1,0,228799.738,132420.942,,,,,
222,LBc4,Klipsan Beach (LBc4),98.06,250.0,50.0,-825,-656.6456,1700.0,2,0,227840.844,132454.94,0.3,,,,
223,LBc4,Klipsan Beach (LBc4),98.12244898,1700.0,49.0,-169,-168.5004082,1872.489796,3,0,227175.2776,132410.551,0.5,,,,
224,LBc4,Klipsan Beach (LBc4),98.19148936,1872.5,47.0,0,,,5,1,227004.9851,132359.6894,1.0,1700,1872.0,169.0,1.0
225,LBc4,Klipsan Beach (LBc4),98.19148936,1926.0,47.0,70,69.66744681,1872.510638,8,0,226935.3362,132361.2191,1.3,1872,1926.0,70.0,1.3
226,LBc4,Klipsan Beach (LBc4),98.0,1957.0,50.0,94,24.3238,1926.0,9,0,226914.598,132539.522,0.8,1926,1957.0,24.0,0.8
227,LBc4,Klipsan Beach (LBc4),98.06,1963.7,50.0,139,44.9642,1957.67,10,0,226868.288,132511.788,6.7,1957,1999.0,178.0,4.2
228,LBc4,Klipsan Beach (LBc4),98.06,1974.8,50.0,159,20.2314,1963.67,11,0,226848.106,132515.474,1.8,1872,1999.0,272.0,2.1
229,LBc4,Klipsan Beach (LBc4),98.06,1988.6,50.0,246,86.5354,1974.72,12,0,226759.866,132479.896,6.3,,,,
230,LBc4,Klipsan Beach (LBc4),98.02,1995.8,50.0,269,22.8526,1988.58,13,0,226739.35,132534.088,3.2,,,,
231,LBc4,Klipsan Beach (LBc4),98.06,1999.5,50.0,272,3.3184,1995.75,14,0,226735.19,132515.074,0.9,,,,
232,LBc4,Klipsan Beach (LBc4),98.06,2006.5,50.0,315,42.9758,1999.4,15,0,226692.266,132517.072,6.2,,,,
233,LBc3,Loomis Lake State Park (LBc3),102.96,-2550.0,50.0,-1654,-871.5706,250.0,1,0,228496.636,127425.44,,,,,
234,LBc3,Loomis Lake State Park (LBc3),102.96,250.0,50.0,-782,-633.2272,1700.0,2,0,227625.37,127451.962,0.3,,,,
235,LBc3,Loomis Lake State Park (LBc3),102.96,1700.0,50.0,-149,-149.244,1873.0,3,0,226991.704,127463.646,0.4,,,,
236,LBc3,Loomis Lake State Park (LBc3),102.96,1873.0,50.0,0,,,5,1,226843.592,127505.554,0.9,1700,1873.0,149.0,0.9
237,LBc3,Loomis Lake State Park (LBc3),102.96,1926.0,50.0,47,46.7454,1873.0,8,0,226796.894,127507.484,0.9,1873,1926.0,47.0,0.9
238,LBc3,Loomis Lake State Park (LBc3),102.92,1957.0,50.0,187,140.5848,1926.0,9,0,226657.81,127548.8,4.5,1926,1957.0,141.0,4.5
239,LBc3,Loomis Lake State Park (LBc3),102.96,1963.7,50.0,246,58.3108,1957.67,10,0,226597.55,127522.638,8.7,1957,1999.0,231.0,5.4
240,LBc3,Loomis Lake State Park (LBc3),102.96,1974.8,50.0,281,35.578,1963.67,11,0,226562.094,127525.662,3.2,1873,1999.0,418.0,3.3
241,LBc3,Loomis Lake State Park (LBc3),102.96,1988.6,50.0,376,94.9946,1974.72,12,0,226464.344,127490.192,6.9,,,,
242,LBc3,Loomis Lake State Park (LBc3),102.96,1995.8,50.0,409,32.4046,1988.58,13,0,226435.538,127542.794,4.5,,,,
243,LBc3,Loomis Lake State Park (LBc3),102.96,1999.5,50.0,418,9.7674,1995.75,14,0,226424.578,127524.794,2.6,,,,
244,LBc3,Loomis Lake State Park (LBc3),102.96,2006.5,50.0,458,39.5958,1999.4,15,0,226385.08,127527.638,5.7,,,,
245,LBc2,Breakers Lake (LBc2),108.0196078,-2550.0,51.0,-1490,-893.515098,250.0,1,0,228077.249,122369.0392,,,,,
246,LBc2,Breakers Lake (LBc2),107.96,250.0,50.0,-596,-543.8304,1700.0,2,0,227188.834,122459.746,0.3,,,,
247,LBc2,Breakers Lake (LBc2),107.94,1700.0,50.0,-53,-52.511,1873.0,3,0,226645.414,122476.368,0.4,,,,
248,LBc2,Breakers Lake (LBc2),107.94,1873.0,50.0,0,,,5,1,226594.704,122510.894,0.3,1700,1873.0,53.0,0.3
249,LBc2,Breakers Lake (LBc2),107.94,1926.0,50.0,54,54.1164,1873.0,8,0,226540.72,122514.626,1.0,1873,1926.0,54.0,1.0
250,LBc2,Breakers Lake (LBc2),107.9,1957.0,50.0,352,298.0724,1926.0,9,0,226245.944,122569.924,9.6,1926,1957.0,298.0,9.6
251,LBc2,Breakers Lake (LBc2),107.92,1963.7,50.0,421,68.78,1957.67,10,0,226174.556,122542.516,10.3,1957,1999.0,233.0,5.5
252,LBc2,Breakers Lake (LBc2),107.92,1974.8,50.0,449,28.2224,1963.67,11,0,226146.604,122546.284,2.5,1873,1999.0,585.0,4.6
253,LBc2,Breakers Lake (LBc2),107.94,1988.6,50.0,537,87.7294,1974.72,12,0,226054.692,122508.708,6.3,,,,
254,LBc2,Breakers Lake (LBc2),107.9607843,1995.8,51.0,577,40.40647059,1988.58,13,0,226014.1647,122510.7431,5.6,,,,
255,LBc2,Breakers Lake (LBc2),107.8571429,1999.5,49.0,585,7.528367347,1995.75,14,0,226014.0347,122589.1673,2.0,,,,
256,LBc2,Breakers Lake (LBc2),107.9,2006.5,50.0,618,33.4972,1999.4,15,0,225976.662,122546.562,4.8,,,,
257,LBc1,Long Beach & Seaview (LBc1),111.7407407,-2550.0,27.0,-1062,-786.2537037,250.0,1,0,227367.8852,118497.6407,,,,,
258,LBc1,Long Beach & Seaview (LBc1),111.9032258,250.0,31.0,-276,-227.51,1700.0,2,0,226558.2452,118450.1548,0.3,,,,
259,LBc1,Long Beach & Seaview (LBc1),111.9,1700.0,30.0,-48,-48.225,1873.0,3,0,226333.0567,118484.99,0.2,,,,
260,LBc1,Long Beach & Seaview (LBc1),112.5416667,1871.6,48.0,0,,,5,1,226153.0104,117609.175,0.3,1700,1871.0,48.0,0.3
261,LBc1,Long Beach & Seaview (LBc1),112.5416667,1926.0,48.0,93,92.84875,1871.583333,8,0,226061.3042,117622.0083,1.7,1871,1926.0,93.0,1.7
262,LBc1,Long Beach & Seaview (LBc1),113.0327869,1955.4,61.0,496,402.7218033,1926.0,9,0,225522.541,117088.8262,13.7,1926,1955.0,403.0,13.7
263,LBc1,Long Beach & Seaview (LBc1),113.0166667,1963.7,60.0,545,48.94333333,1956.7445,10,0,225474.9933,117092.5383,5.9,1955,1999.0,132.0,3.0
264,LBc1,Long Beach & Seaview (LBc1),113.0491803,1974.8,61.0,575,30.65163934,1963.67,11,0,225434.0689,117049.777,2.8,1871,1999.0,628.0,4.9
265,LBc1,Long Beach & Seaview (LBc1),113.1147541,1988.6,61.0,603,27.92688525,1974.72,12,0,225384.0541,116961.6656,2.0,,,,
266,LBc1,Long Beach & Seaview (LBc1),113.1451613,1995.8,62.0,653,50.1066129,1988.601774,13,0,225327.7145,116914.8871,7.0,,,,
267,LBc1,Long Beach & Seaview (LBc1),113.0983607,1999.5,61.0,628,-25.52508197,1995.75,14,0,225366.6721,116995.0213,-6.8,,,,
268,LBc1,Long Beach & Seaview (LBc1),113.1129032,2006.5,62.0,657,29.56451613,1999.4,15,0,225336.6774,116987.471,4.2,,,,
269,LBdS,Cape Dissappointment (LBdS),116.7826087,1869.0,23.0,0,,,5,1,225505.3043,112103.6609,,,,,
270,LBdS,Cape Dissappointment (LBdS),116.7826087,1914.0,23.0,0,0.0,1869.0,7,0,225505.3043,112103.6609,0.0,,,,
271,LBdS,Cape Dissappointment (LBdS),116.7826087,1926.0,23.0,1050,1050.125652,1869.0,8,0,224527.5957,111806.9087,87.5,1869,1926.0,1050.0,18.4
272,LBdS,Cape Dissappointment (LBdS),117.1081081,1951.0,37.0,1399,349.1251351,1926.0,9,0,224001.4378,111586.3784,14.0,1926,1951.0,349.0,14.0
273,LBdS,Cape Dissappointment (LBdS),117.0277778,1963.7,36.0,1351,-48.58944444,1951.5,10,0,224044.3944,111621.0806,-3.8,1951,1999.0,-400.0,-8.2
274,LBdS,Cape Dissappointment (LBdS),117.0,1974.8,35.0,1228,-122.9211429,1963.67,11,0,224175.5457,111653.7657,-11.1,1869,1999.0,1000.0,7.7
275,LBdS,Cape Dissappointment (LBdS),116.969697,1988.6,33.0,1137,-90.44424242,1974.72,12,0,224277.0242,111730.0091,-6.5,"The Average ChangeRate from 1914 to 1926 is +53.9 m/yr using the ""jetty transect"" method",,,
276,LBdS,Cape Dissappointment (LBdS),116.9375,1995.8,32.0,1097,-39.919375,1988.641875,13,0,224326.0938,111802.0063,-5.6,,,,
277,LBdS,Cape Dissappointment (LBdS),116.9354839,1999.5,31.0,1000,-97.68935484,1995.75,14,0,224414.4258,111771.0323,-26.1,"The Average ChangeRate from 1914 to 1926 is +87.5 m/yr using the ""standard"" method",,,
278,LBdS,Cape Dissappointment (LBdS),116.862069,2006.5,29.0,990,-9.32137931,1999.4,15,0,224426.1276,111849.3759,-1.3,,,,
279,NBc8,Grenville  (NBc8),2.230769231,1700.0,26.0,-18,-17.83961538,1887.0,3,0,215832.2115,225713.8385,,,,,
280,NBc8,Grenville  (NBc8),2.24,1887.0,25.0,0,,,5,1,215856.22,225684.572,0.1,1700.0,1887.0,18.0,0.1
281,NBc8,Grenville  (NBc8),2.24,1927.0,25.0,-10,-10.4016,1887.0,8,0,215853.096,225694.272,-0.3,1887.0,1927.0,-10.0,-0.3
282,NBc8,Grenville  (NBc8),2.25,1967.3,16.0,1,11.273125,1927.0,10,0,215887.3688,225694.4563,0.3,1927.0,1967.0,11.0,0.3
283,NBc8,Grenville  (NBc8),2.2,1974.5,25.0,49,47.6572,1967.33,11,0,215817.12,225659.992,6.6,1967.0,1999.0,65.0,2.0
284,NBc8,Grenville  (NBc8),2.166666667,1987.4,24.0,57,8.80125,1974.45,12,0,215779.3375,225662.2542,0.7,1887.0,1999.0,66.0,0.6
285,NBc8,Grenville  (NBc8),2.2,1995.7,25.0,50,-7.6828,1987.5,13,0,215759.332,225680.1,-0.9,,,,
286,NBc8,Grenville  (NBc8),2.2,1999.5,25.0,66,16.2256,1995.67,14,0,215781.484,225661.696,4.2,,,,
287,NBc8,Grenville  (NBc8),2.208333333,2006.5,24.0,64,-1.484583333,1999.4,15,0,215792.9667,225653.0958,-0.2,,,,
288,NBc7,Copalis Nat'l Wildlife Refuge (NBc7),6.02,1700.0,50.0,-45,-45.4264,1887.0,3,0,217802.03,222514.464,,,,,
289,NBc7,Copalis Nat'l Wildlife Refuge (NBc7),5.936170213,1887.0,47.0,0,,,5,1,217737.2787,222599.7936,0.2,1700.0,1887.0,45.0,0.2
290,NBc7,Copalis Nat'l Wildlife Refuge (NBc7),5.936170213,1927.0,47.0,2,1.575957447,1887.0,8,0,217736.2745,222597.934,0.0,1887.0,1927.0,2.0,0.0
291,NBc7,Copalis Nat'l Wildlife Refuge (NBc7),5.705882353,1967.3,34.0,-24,-25.57970588,1927.0,10,0,217706.8676,222827.8147,-0.6,1927.0,1967.0,-26.0,-0.6
292,NBc7,Copalis Nat'l Wildlife Refuge (NBc7),6.019607843,1974.5,51.0,34,58.45058824,1967.33,11,0,217721.0824,222506.6373,8.1,1967.0,1999.0,162.0,5.0
293,NBc7,Copalis Nat'l Wildlife Refuge (NBc7),6.0,1987.4,51.0,84,49.64686275,1974.45,12,0,217669.3373,222524.5922,3.8,1887.0,1999.0,138.0,1.2
294,NBc7,Copalis Nat'l Wildlife Refuge (NBc7),5.9,1995.7,50.0,100,16.1218,1987.5,13,0,217622.224,222625.432,2.0,,,,
295,NBc7,Copalis Nat'l Wildlife Refuge (NBc7),5.980392157,1999.5,51.0,138,37.80509804,1995.67,14,0,217606.4157,222539.5471,9.9,,,,
296,NBc7,Copalis Nat'l Wildlife Refuge (NBc7),6.909090909,2006.5,11.0,148,10.09454545,1999.4,15,0,217779.8273,221636.7,1.4,,,,
297,NBc6,Moclips (NBc6),11.875,1700.0,32.0,-34,-33.81875,1887.0,3,0,219131.4406,216646.0656,,,,,
298,NBc6,Moclips (NBc6),11.14893617,1887.0,47.0,0,,,5,1,218927.3255,217361.7362,0.2,1700.0,1887.0,34.0,0.2
299,NBc6,Moclips (NBc6),11.14893617,1927.0,47.0,-6,-6.006382979,1887.0,8,0,218933.2574,217362.6106,-0.2,1887.0,1927.0,-6.0,-0.2
300,NBc6,Moclips (NBc6),11.23913043,1950.0,46.0,50,55.61369565,1927.0,9,0,218902.4391,217252.5283,2.4,1927.0,1950.0,56.0,2.4
301,NBc6,Moclips (NBc6),11.31111111,1967.3,45.0,1,-49.08444444,1950.5,10,0,218959.6244,217214.3378,-2.8,1950.0,1999.0,36.0,0.7
302,NBc6,Moclips (NBc6),11.14583333,1974.5,48.0,39,38.958125,1967.33,11,0,218884.8375,217379.8313,5.4,1887.0,1999.0,86.0,0.8
303,NBc6,Moclips (NBc6),11.03921569,1987.4,51.0,77,37.2045098,1974.45,12,0,218828.1098,217474.5294,2.9,,,,
304,NBc6,Moclips (NBc6),11.10309278,1999.4,29.01546392,86,9.856582474,1987.442268,14,0,218836.4116,217381.8119,0.7,,,,
305,NBc6,Moclips (NBc6),11.14583333,2006.5,48.0,122,36.27041667,1999.4,15,0,218797.4042,217393.8479,5.1,,,,
306,NBc5,Pacific & Roosevelt Beach (NBc5),16.35135135,1700.0,37.0,-10,-10.43918919,1887.0,3,0,219854.5919,212189.9973,,,,,
307,NBc5,Pacific & Roosevelt Beach (NBc5),16.17391304,1887.0,46.0,0,,,5,1,219833.5696,212287.2957,0.1,1700.0,1887.0,10.0,0.1
308,NBc5,Pacific & Roosevelt Beach (NBc5),16.17391304,1927.0,46.0,10,9.876086957,1887.0,8,0,219823.8391,212285.6239,0.2,1887.0,1927.0,10.0,0.2
309,NBc5,Pacific & Roosevelt Beach (NBc5),16.12765957,1950.0,47.0,89,79.23021277,1927.0,9,0,219732.4957,212370.1617,3.4,1927.0,1950.0,79.0,3.4
310,NBc5,Pacific & Roosevelt Beach (NBc5),16.27272727,1967.3,44.0,20,-68.63886364,1950.5,10,0,219821.4545,212226.6386,-4.0,1950.0,1999.0,8.0,0.2
311,NBc5,Pacific & Roosevelt Beach (NBc5),16.12765957,1974.5,47.0,60,39.52851064,1967.33,11,0,219760.3957,212384.6596,5.5,1887.0,1999.0,97.0,0.9
312,NBc5,Pacific & Roosevelt Beach (NBc5),16.17021277,1987.4,47.0,89,28.5087234,1974.45,12,0,219739.6362,212322.9447,2.2,,,,
313,NBc5,Pacific & Roosevelt Beach (NBc5),16.08333333,1995.7,48.0,100,11.10604167,1987.5,13,0,219720.2479,212404.8833,1.3,,,,
314,NBc5,Pacific & Roosevelt Beach (NBc5),16.04081633,1999.5,49.0,97,-2.535714286,1995.67,14,0,219715.5429,212451.1347,-0.7,,,,
315,NBc5,Pacific & Roosevelt Beach (NBc5),16.08333333,2006.5,48.0,121,23.719375,1999.4,15,0,219698.0083,212403.325,3.4,,,,
316,NBc4,"Iron Springs, Copalis River Mouth (NBc4)",21.04255319,1700.0,47.0,-154,-154.2789362,1887.0,3,0,220631.6723,207527.4617,,,,,
317,NBc4,"Iron Springs, Copalis River Mouth (NBc4)",20.93181818,1887.0,44.0,0,,,5,1,220467.5477,207577.575,0.8,1700.0,1887.0,154.0,0.8
318,NBc4,"Iron Springs, Copalis River Mouth (NBc4)",20.93181818,1927.0,44.0,-21,-21.28613636,1887.0,8,0,220488.4977,207580.8977,-0.5,1887.0,1927.0,-21.0,-0.5
319,NBc4,"Iron Springs, Copalis River Mouth (NBc4)",20.47368421,1950.0,38.0,102,123.3057895,1927.0,9,0,220287.6316,208071.0368,5.4,1927.0,1950.0,123.0,5.4
320,NBc4,"Iron Springs, Copalis River Mouth (NBc4)",20.69230769,1967.3,39.0,50,-51.91461538,1950.5,10,0,220386.2872,207838.9256,-3.0,1950.0,1999.0,57.0,1.2
321,NBc4,"Iron Springs, Copalis River Mouth (NBc4)",20.86956522,1974.5,46.0,91,41.38021739,1967.33,11,0,220381.45,207640.95,5.8,1887.0,1999.0,159.0,1.4
322,NBc4,"Iron Springs, Copalis River Mouth (NBc4)",20.92857143,1987.4,42.0,141,49.99190476,1974.45,12,0,220331.0429,207548.419,3.9,,,,
323,NBc4,"Iron Springs, Copalis River Mouth (NBc4)",21.0,1995.7,47.0,175,33.14042553,1987.5,13,0,220319.483,207515.5702,4.0,,,,
324,NBc4,"Iron Springs, Copalis River Mouth (NBc4)",21.06521739,1999.5,46.0,159,-15.26934783,1995.67,14,0,220340.0761,207457.6457,-4.0,,,,
325,NBc4,"Iron Springs, Copalis River Mouth (NBc4)",20.97560976,2006.5,41.0,194,34.63536585,1999.4,15,0,220285.0049,207546.8902,5.0,,,,
326,NBc3,Connor Creek mouth (NBc3),26.22222222,1700.0,45.0,-272,-271.9626667,1887.0,3,0,221395.4311,202251.4267,,,,,
327,NBc3,Connor Creek mouth (NBc3),25.84210526,1887.0,38.0,0,,,5,1,221095.4763,202570.2684,1.5,1700.0,1887.0,272.0,1.5
328,NBc3,Connor Creek mouth (NBc3),25.84210526,1927.0,38.0,8,8.126578947,1887.0,8,0,221087.4158,202569.2842,0.2,1887.0,1927.0,8.0,0.2
329,NBc3,Connor Creek mouth (NBc3),25.875,1950.0,40.0,200,191.98475,1927.0,9,0,220901.42,202530.635,8.3,1927.0,1950.0,192.0,8.3
330,NBc3,Connor Creek mouth (NBc3),25.89130435,1967.3,46.0,202,2.293043478,1950.5,10,0,220889.6043,202567.3283,0.1,1950.0,1999.0,196.0,4.0
331,NBc3,Connor Creek mouth (NBc3),25.91489362,1974.5,47.0,245,42.33574468,1967.33,11,0,220849.5,202555.8702,5.9,1887.0,1999.0,396.0,3.5
332,NBc3,Connor Creek mouth (NBc3),25.91111111,1987.4,45.0,329,84.51488889,1974.45,12,0,220763.9644,202524.0356,6.5,,,,
333,NBc3,Connor Creek mouth (NBc3),25.9787234,1995.7,47.0,383,54.09702128,1987.5,13,0,220713.7979,202504.0064,6.5,,,,
334,NBc3,Connor Creek mouth (NBc3),25.92,1999.5,50.0,396,12.4084,1995.67,14,0,220706.412,202530.976,3.3,,,,
335,NBc3,Connor Creek mouth (NBc3),26.02173913,2006.5,46.0,456,60.51173913,1999.4,15,0,220644.7848,202439.6196,8.7,,,,
336,NBc2,Ocean City (NBc2),32.15384615,650.0,26.0,-515,-85.905,1700.0,2,0,222024.1308,196317.8385,,,,,
337,NBc2,Ocean City (NBc2),31.06818182,1700.0,44.0,-429,-429.1788636,1887.0,3,0,221870.9318,197454.5886,0.1,,,,
338,NBc2,Ocean City (NBc2),31.11627907,1887.0,43.0,0,,,5,1,221444.4442,197394.3512,2.3,1700.0,1887.0,429.0,2.3
339,NBc2,Ocean City (NBc2),31.11627907,1927.0,43.0,48,48.45604651,1887.0,8,0,221396.0302,197392.7814,1.2,1887.0,1927.0,48.0,1.2
340,NBc2,Ocean City (NBc2),31.0,1950.0,50.0,336,287.2268,1927.0,9,0,221103.3,197523.434,12.5,1927.0,1950.0,287.0,12.5
341,NBc2,Ocean City (NBc2),31.0,1967.3,50.0,360,24.6956,1950.5,10,0,221078.566,197522.2,1.4,1950.0,1999.0,235.0,4.8
342,NBc2,Ocean City (NBc2),31.0,1974.5,50.0,406,45.3216,1967.33,11,0,221033.19,197524.854,6.3,1887.0,1999.0,571.0,5.1
343,NBc2,Ocean City (NBc2),30.97959184,1987.4,49.0,510,104.1234694,1974.45,12,0,220929.5265,197510.2857,8.1,,,,
344,NBc2,Ocean City (NBc2),31.0,1995.8,50.0,538,27.9916,1987.5,13,0,220901.036,197518.516,3.4,,,,
345,NBc2,Ocean City (NBc2),31.0,1999.5,50.0,571,33.1894,1995.67,14,0,220867.62,197534.18,8.9,,,,
346,NBc2,Ocean City (NBc2),31.0,2006.5,50.0,628,56.5282,1999.4,15,0,220811.092,197533.656,8.1,,,,
347,NBc1,City of Ocean Shores (NBc1),35.84,-550.0,50.0,-1064,-500.6036,1700.0,2,0,222641.078,192553.768,,,,,
348,NBc1,City of Ocean Shores (NBc1),35.84,1700.0,50.0,-564,-563.7228,1887.0,3,0,222141.662,192525.578,0.2,,,,
349,NBc1,City of Ocean Shores (NBc1),35.84,1887.0,50.0,0,,,5,1,221578.188,192514.064,3.0,1700.0,1887.0,564.0,3.0
350,NBc1,City of Ocean Shores (NBc1),35.84,1927.0,50.0,208,207.7562,1887.0,8,0,221370.448,192516.236,5.2,1887.0,1927.0,208.0,5.2
351,NBc1,City of Ocean Shores (NBc1),35.84,1950.3,50.0,512,304.5888,1927.0,9,0,221066.598,192535.352,13.1,1927.0,1950.0,305.0,13.1
352,NBc1,City of Ocean Shores (NBc1),35.84,1967.3,50.0,577,65.0098,1950.84,10,0,221001.144,192525.292,3.8,1950.0,1999.0,291.0,5.9
353,NBc1,City of Ocean Shores (NBc1),35.84,1974.5,50.0,635,57.5304,1967.33,11,0,220943.704,192528.588,8.0,1887.0,1999.0,803.0,7.1
354,NBc1,City of Ocean Shores (NBc1),35.88235294,1987.4,51.0,743,108.567451,1974.45,12,0,220833.9333,192515.7706,8.4,,,,
355,NBc1,City of Ocean Shores (NBc1),35.84,1995.8,50.0,744,0.0548,1987.5,13,0,220834.44,192521.226,0.0,,,,
356,NBc1,City of Ocean Shores (NBc1),35.84,1999.5,50.0,803,59.765,1995.67,14,0,220775.37,192538.478,15.9,,,,
357,NBc1,City of Ocean Shores (NBc1),35.84,2006.5,50.0,870,66.796,1999.4,15,0,220708.656,192541.346,9.6,,,,
358,NBdS,Ocean Shores Jetty (NBdS),40.52631579,-550.0,38.0,-1422,-532.4189474,1700.0,2,0,223262.05,188246.2395,,,,,
359,NBdS,Ocean Shores Jetty (NBdS),40.80487805,1700.0,41.0,-889,-889.352439,1886.292683,3,0,222767.0439,188087.161,0.2,,,,
360,NBdS,Ocean Shores Jetty (NBdS),41.72857143,1886.3,70.0,0,,,5,1,222238.75,186903.3814,4.8,1700.0,1886.0,889.0,4.8
361,NBdS,Ocean Shores Jetty (NBdS),41.17391304,1909.0,46.0,-230,-229.7104348,1886.347826,7,0,222245.2804,187565.1196,-10.1,1886.0,1927.0,1185.0,29.1
362,NBdS,Ocean Shores Jetty (NBdS),41.72857143,1927.0,70.0,1185,1123.935286,1886.271429,8,0,221214.6729,186590.5629,78.6,1927.0,1951.0,329.0,13.7
363,NBdS,Ocean Shores Jetty (NBdS),41.86666667,1951.0,75.0,1514,1123.935286,1927.0,9,0,220749.8387,186428.856,13.7,1951.0,1999.0,194.0,4.0
364,NBdS,Ocean Shores Jetty (NBdS),41.46031746,1967.3,63.0,1555,40.55063492,1951.5,10,0,220572.7508,186898.2302,2.5,1886.0,1999.0,1709.0,15.1
365,NBdS,Ocean Shores Jetty (NBdS),41.46031746,1974.6,63.0,1612,57.18396825,1967.33,11,0,220516.1143,186906.2476,7.8,,,,
366,NBdS,Ocean Shores Jetty (NBdS),41.53968254,1987.4,63.0,1664,52.10126984,1974.45,12,0,220457.6746,186831.0397,4.1,,,,
367,NBdS,Ocean Shores Jetty (NBdS),41.46031746,1995.8,63.0,1668,3.555079365,1987.5,13,0,220457.0857,186888.7016,0.4,,,,
368,NBdS,Ocean Shores Jetty (NBdS),41.46031746,1999.5,63.0,1709,40.88714286,1995.67,14,0,220417.2905,186902.2698,10.9,,,,
369,NBdS,Ocean Shores Jetty (NBdS),41.46031746,2006.5,63.0,1743,34.36444444,1999.4,15,0,220383.0127,186904.0603,4.9,,,,
